_ - DATA,_ - id,URL,_ - creationDate,_ - modificationDate,_ - type,_ - name,_ - leadImg,_ - title,_ - _ownSite,_ - text,_ - conditionDestroyed,_ - conditionTranslocated,_ - conditionDamaged,_ - conditionMissing,_ - conditionPaintedOver,_ - verbaleDating,_ - positionCeiling,_ - positionWall,_ - positionOnEquipment,_ - orientationEast,_ - orientationWest,_ - orientationNorth,_ - orientationSouth,_ - orientationCenter,_ - gender,_ - gnd,_ - locationLng,_ - locationLat,_ - addressState,_ - addressLocality,_ - addressCountry,_ - addressZip,_ - shortText,_ - addressStreet,_ - bildindex,_ - width,_ - length,_ - tempBibliography,_ - roomNumber,_ - signature,_ - height,_ - diameter,_ - images - images,_ - iconography - iconography,_ - productionMethods - productionMethods,_ - functions - functions,_ - productionMaterials - productionMaterials,_ - alternativeNames - alternativeNames,_ - tempImageLicense - license,_ - tempImageLicense - additionalLicenseHolderInfo,_ - conditionDestroyed - conditionDestroyed
e78997bf-9c24-4c0c-9d90-76ec15ab3d7d,e78997bf-9c24-4c0c-9d90-76ec15ab3d7d,https://www.deckenmalerei.eu/e78997bf-9c24-4c0c-9d90-76ec15ab3d7d,1620806012058,1620806012058,OBJ#PERSON,"Friedrich Karl August, Prince of Waldeck and Pyrmont",,,,,,,,,,,,,,,,,,,male,102035202,,,,,,,,,,,,,,,,,,,,,,,,,
f4f93210-b529-458c-8f7e-90b2c2fe7992,f4f93210-b529-458c-8f7e-90b2c2fe7992,https://www.deckenmalerei.eu/f4f93210-b529-458c-8f7e-90b2c2fe7992,1588947988099,1588947988099,OBJ#PERSON,"Friedrich Karl August, Prince of Waldeck and Pyrmont",,,,,,,,,,,,,,,,,,,male,102035202,,,,,,,,,,,,,,,,,,,,,,,,,
e9e5df57-8c63-4924-905c-f49cc22fc06b,e9e5df57-8c63-4924-905c-f49cc22fc06b,https://www.deckenmalerei.eu/e9e5df57-8c63-4924-905c-f49cc22fc06b,1649077797555,1649077797555,OBJ#PERSON,"Ernst Ludwig I, Duke of Saxe-Meiningen",,,,,,,,,,,,,,,,,,,male,102308888,,,,,,,,,,,,,,,,,,,,,,,,,
f5155821-909f-4a2e-94bf-c7aa6f9259ad,f5155821-909f-4a2e-94bf-c7aa6f9259ad,https://www.deckenmalerei.eu/f5155821-909f-4a2e-94bf-c7aa6f9259ad,1589651395615,1589651395615,OBJ#PERSON,"Ernst Ludwig I, Duke of Saxe-Meiningen",,,,,,,,,,,,,,,,,,,male,102308888,,,,,,,,,,,,,,,,,,,,,,,,,
28c69f76-1169-400f-b752-5790c3f42975,28c69f76-1169-400f-b752-5790c3f42975,https://www.deckenmalerei.eu/28c69f76-1169-400f-b752-5790c3f42975,1625050029570,1625059944003,OBJ#PERSON,Johann Christoph von Freyberg-Allmendingen,,,,,,,,,,,,,,,,,,,male,102375526,,,,,,,,,,,,,,,,,,,,,,,,,
23348f9f-015f-4d0e-a503-97120600a752,23348f9f-015f-4d0e-a503-97120600a752,https://www.deckenmalerei.eu/23348f9f-015f-4d0e-a503-97120600a752,1644491833122,1644491833122,OBJ#PERSON,Johann Christoph von Freyberg-Allmendingen,,,,,,,,,,,,,,,,,,,male,102375526,,,,,,,,,,,,,,,,,,,,,,"Ioannes Christophorus, Episcopus Augustanus",,,
b31771b8-eb1c-4955-93f5-9e0602cca37f,b31771b8-eb1c-4955-93f5-9e0602cca37f,https://www.deckenmalerei.eu/b31771b8-eb1c-4955-93f5-9e0602cca37f,1623343176695,1623343176695,OBJ#PERSON,Franz Anton Leitenstorffer,,,,,,,,,,,,,,,,,,,male,118572504,,,,,,,,,,,,,,,,,,,,,,"Leydensdorff, Franz Anton von",,,
d6bc88fe-5f18-4765-906c-acf08cb98178,d6bc88fe-5f18-4765-906c-acf08cb98178,https://www.deckenmalerei.eu/d6bc88fe-5f18-4765-906c-acf08cb98178,1601297350586,1601297350586,OBJ#PERSON,Franz Anton Leitenstorffer,,,,,,,,,,,,,,,,,,,male,118572504,,,,,,,,,,,,,,,,,,,,,,,,,
5f63faa0-c7d5-11e9-8741-07f577d624c4,5f63faa0-c7d5-11e9-8741-07f577d624c4,https://www.deckenmalerei.eu/5f63faa0-c7d5-11e9-8741-07f577d624c4,1566805554602,1601629539155,OBJ#PERSON,Clemens August of Bavaria,,,,,,,,,,,,,,,,,,,male,118634224,,,,,,,,,,,,,,,,,,,,,,"Clemens August, Fürstbischof, Hildesheim",,,
35ed5ca7-01e6-4d85-bb77-2151afd5a251,35ed5ca7-01e6-4d85-bb77-2151afd5a251,https://www.deckenmalerei.eu/35ed5ca7-01e6-4d85-bb77-2151afd5a251,1630503847227,1630503847227,OBJ#PERSON,Clemens August of Bavaria,,,,,,,,,,,,,,,,,,,male,118634224,,,,,,,,,,,,,,,,,,,,,,,,,
c36cd2de-01e0-4c41-979c-d0165a409949,c36cd2de-01e0-4c41-979c-d0165a409949,https://www.deckenmalerei.eu/c36cd2de-01e0-4c41-979c-d0165a409949,1646752372939,1646752372939,OBJ#PERSON,Agostino Carracci,,,,,,,,,,,,,,,,,,,male,118668536,,,,,,,,,,,,,,,,,,,,,,,,,
8f69a66f-c197-486f-8774-d506c2065232,8f69a66f-c197-486f-8774-d506c2065232,https://www.deckenmalerei.eu/8f69a66f-c197-486f-8774-d506c2065232,1590595742306,1590595742306,OBJ#PERSON,Agostino Carracci,,,,,,,,,,,,,,,,,,,male,118668536,,,,,,,,,,,,,,,,,,,,,,,,,
b4a11e56-8238-42bc-8804-7ec819526d97,b4a11e56-8238-42bc-8804-7ec819526d97,https://www.deckenmalerei.eu/b4a11e56-8238-42bc-8804-7ec819526d97,1592486532570,1593092002580,OBJ#PERSON,Johann Evangelist Holzer,,,,,,,,,,,,,,,,,,,male,118706810,,,,,,,,,,,,,,,,,,,,,,,,,
62dfbcea-8908-43aa-95f4-7cf1eb5c5951,62dfbcea-8908-43aa-95f4-7cf1eb5c5951,https://www.deckenmalerei.eu/62dfbcea-8908-43aa-95f4-7cf1eb5c5951,1594992263114,1594992263114,OBJ#PERSON,Johann Evangelist Holzer,,,,,,,,,,,,,,,,,,,male,118706810,,,,,,,,,,,,,,,,,,,,,,,,,
2b256520-c7e5-11e9-91e0-9bbdba1c3ce9,2b256520-c7e5-11e9-91e0-9bbdba1c3ce9,https://www.deckenmalerei.eu/2b256520-c7e5-11e9-91e0-9bbdba1c3ce9,1566812269682,1566812269682,OBJ#PERSON,Joseph Dominikus of Lamberg,,,,,,,,,,,,,,,,,,,male,118713175,,,,,,,,,,,,,,,,,,,,,,,,,
e27a0b2f-4851-4b04-8838-e1a8c3b17604,e27a0b2f-4851-4b04-8838-e1a8c3b17604,https://www.deckenmalerei.eu/e27a0b2f-4851-4b04-8838-e1a8c3b17604,1588618905263,1601631780150,OBJ#PERSON,Joseph Dominikus of Lamberg,,,,,,,,,,,,,,,,,,,male,118713175,,,,,,,,,,,,,,,,,,,,,,"Lamberg, Joseph Dominikus von",,,
c1194631-2f6f-4130-a54f-a1c1a0fed4a0,c1194631-2f6f-4130-a54f-a1c1a0fed4a0,https://www.deckenmalerei.eu/c1194631-2f6f-4130-a54f-a1c1a0fed4a0,1645776973757,1645776973757,OBJ#PERSON,Otto van Veen,,,,,,,,,,,,,,,,,,,male,118767461,,,,,,,,,,,,,,,,,,,,,,,,,
0d20ddb7-4dfe-4e5b-8d1b-46486316e860,0d20ddb7-4dfe-4e5b-8d1b-46486316e860,https://www.deckenmalerei.eu/0d20ddb7-4dfe-4e5b-8d1b-46486316e860,1642166210141,1642166210141,OBJ#PERSON,Otto van Veen,,,,,,,,,,,,,,,,,,,male,118767461,,,,,,,,,,,,,,,,,,,,,,,,,
4c8ffca0-274e-442c-9a85-83125ff7766b,4c8ffca0-274e-442c-9a85-83125ff7766b,https://www.deckenmalerei.eu/4c8ffca0-274e-442c-9a85-83125ff7766b,1647446450099,1647446450099,OBJ#PERSON,Charles Le Brun,,,,,,,,,,,,,,,,,,,male,118779141,,,,,,,,,,,,,,,,,,,,,,,,,
46ebc353-98b1-4b13-b55e-00e599fe2d51,46ebc353-98b1-4b13-b55e-00e599fe2d51,https://www.deckenmalerei.eu/46ebc353-98b1-4b13-b55e-00e599fe2d51,1646925686932,1646925686932,OBJ#PERSON,Charles Le Brun,,,,,,,,,,,,,,,,,,,male,118779141,,,,,,,,,,,,,,,,,,,,,,,,,
96e6be6e-9b04-4098-b017-1c272dfc717e,96e6be6e-9b04-4098-b017-1c272dfc717e,https://www.deckenmalerei.eu/96e6be6e-9b04-4098-b017-1c272dfc717e,1614964723830,1614964723830,OBJ#PERSON,Ernst Wullekopf,,,,,,,,,,,,,,,,,,,male,119381745,,,,,,,,,,,,,,,,,,,,,,,,,
6c2de657-92c0-4ae7-89bf-d672cc1e7a2f,6c2de657-92c0-4ae7-89bf-d672cc1e7a2f,https://www.deckenmalerei.eu/6c2de657-92c0-4ae7-89bf-d672cc1e7a2f,1614449022039,1614449022039,OBJ#PERSON,Ernst Wullekopf,,,,,,,,,,,,,,,,,,,male,119381745,,,,,,,,,,,,,,,,,,,,,,,,,
a8028e40-8fbd-4c7e-a867-adb944a27d26,a8028e40-8fbd-4c7e-a867-adb944a27d26,https://www.deckenmalerei.eu/a8028e40-8fbd-4c7e-a867-adb944a27d26,1605620749864,1605620749864,OBJ#PERSON,"Dorothea of Denmark, Duchess of Brunswick-Lüneburg",,,,,,,,,,,,,,,,,,,female,119452952,,,,,,,,,,,,,,,,,,,,,,,,,
2a0b4800-c4c3-11e9-8385-59bf93401dce,2a0b4800-c4c3-11e9-8385-59bf93401dce,https://www.deckenmalerei.eu/2a0b4800-c4c3-11e9-8385-59bf93401dce,1566467811456,1601629679993,OBJ#PERSON,"Dorothea of Denmark, Duchess of Brunswick-Lüneburg",,,,,,,,,,,,,,,,,,,female,119452952,,,,,,,,,,,,,,,,,,,,,,"Dorothea, Dänemark, Prinzessin",,,
aac2d980-c96f-11e9-b5ad-295696610c6d,aac2d980-c96f-11e9-b5ad-295696610c6d,https://www.deckenmalerei.eu/aac2d980-c96f-11e9-b5ad-295696610c6d,1566981705497,1566981705497,OBJ#PERSON,Rutger van Langevelt,,,,,,,,,,,,,,,,,,,male,119515776,,,,,,,,,,,,,,,,,,,,,,"Langerfeld, Rutger van",,,
d91d1615-25b6-45a6-99da-5d39d5c937c5,d91d1615-25b6-45a6-99da-5d39d5c937c5,https://www.deckenmalerei.eu/d91d1615-25b6-45a6-99da-5d39d5c937c5,1590071039359,1601633142038,OBJ#PERSON,Rutger van Langevelt,,,,,,,,,,,,,,,,,,,male,119515776,,,,,,,,,,,,,,,,,,,,,,"Langervelt, Rutger van",,,
6613cb8d-9637-4351-a8ac-295c175498d8,6613cb8d-9637-4351-a8ac-295c175498d8,https://www.deckenmalerei.eu/6613cb8d-9637-4351-a8ac-295c175498d8,1587198549853,1587198549853,OBJ#PERSON,Johann Mützel,,,,,,,,,,,,,,,,,,,male,120888432,,,,,,,,,,,,,,,,,,,,,,,,,
269522cf-755c-43a5-aa5c-88f4e5e14858,269522cf-755c-43a5-aa5c-88f4e5e14858,https://www.deckenmalerei.eu/269522cf-755c-43a5-aa5c-88f4e5e14858,1592597813602,1592597813602,OBJ#PERSON,Johann Mützel,,,,,,,,,,,,,,,,,,,male,120888432,,,,,,,,,,,,,,,,,,,,,,,,,
b06dc749-6321-46ff-a436-fa445d1090bb,b06dc749-6321-46ff-a436-fa445d1090bb,https://www.deckenmalerei.eu/b06dc749-6321-46ff-a436-fa445d1090bb,1620654118776,1625061592548,OBJ#PERSON,"Magdalena, Hohenlohe-Weikersheim, Gräfin ",,,,,,,,,,,,,,,,,,,female,122062345,,,,,,,,,,,,,,,,,,,,,,,,,
a965caef-8c71-433f-9d97-ba475591767c,a965caef-8c71-433f-9d97-ba475591767c,https://www.deckenmalerei.eu/a965caef-8c71-433f-9d97-ba475591767c,1625052952360,1625061532942,OBJ#PERSON,"Eleonore Magdalene, Hohenlohe-Weikersheim, Gräfin",,,,,,,,,,,,,,,,,,,female,122062345,,,,,,,,,,,,,,,,,,,,,,,,,
ebeec240-87b4-4d92-85b7-cf81a1e9e42c,ebeec240-87b4-4d92-85b7-cf81a1e9e42c,https://www.deckenmalerei.eu/ebeec240-87b4-4d92-85b7-cf81a1e9e42c,1601891606172,1601891606172,OBJ#PERSON,John I of Nassau-Weilburg,,,,,,,,,,,,,,,,,,,male,138720258,,,,,,,,,,,,,,,,,,,,,,,,,
5ff5d430-2359-4e2b-9cc6-5378d6011358,5ff5d430-2359-4e2b-9cc6-5378d6011358,https://www.deckenmalerei.eu/5ff5d430-2359-4e2b-9cc6-5378d6011358,1601891473807,1601891473807,OBJ#PERSON,John I of Nassau-Weilburg,,,,,,,,,,,,,,,,,,,male,138720258,,,,,,,,,,,,,,,,,,,,,,,,,
8296bf01-7780-43ad-af1f-4e55498682ef,8296bf01-7780-43ad-af1f-4e55498682ef,https://www.deckenmalerei.eu/8296bf01-7780-43ad-af1f-4e55498682ef,1594110495129,1594110495129,OBJ#PERSON,"Lucchese, Bartolomeo",,,,,,,,,,,,,,,,,,,male,138829640,,,,,,,,,,,,,,,,,,,,,,,,,
396f8b3d-6b1e-46c2-ab5b-a43382ffcb99,396f8b3d-6b1e-46c2-ab5b-a43382ffcb99,https://www.deckenmalerei.eu/396f8b3d-6b1e-46c2-ab5b-a43382ffcb99,1639662710229,1639662710229,OBJ#PERSON,"Lucchese, Bartolomeo",,,,,,,,,,,,,,,,,,,male,138829640,,,,,,,,,,,,,,,,,,,,,,,,,
1240f3f1-a683-40a9-b46e-7620c264f197,1240f3f1-a683-40a9-b46e-7620c264f197,https://www.deckenmalerei.eu/1240f3f1-a683-40a9-b46e-7620c264f197,1593509609120,1593509609120,OBJ#PERSON,Stephan Strahl,,,,,,,,,,,,,,,,,,,male,1070237108,,,,,,,,,,,,,,,,,,,,,,,,,
3658b85f-f0fe-449f-897b-75b44ac6b5fc,3658b85f-f0fe-449f-897b-75b44ac6b5fc,https://www.deckenmalerei.eu/3658b85f-f0fe-449f-897b-75b44ac6b5fc,1594650866272,1594650866272,OBJ#PERSON,Stephan Strahl,,,,,,,,,,,,,,,,,,,male,1070237108,,,,,,,,,,,,,,,,,,,,,,,,,
15e1eef0-c7e4-11e9-91e0-9bbdba1c3ce9,15e1eef0-c7e4-11e9-91e0-9bbdba1c3ce9,https://www.deckenmalerei.eu/15e1eef0-c7e4-11e9-91e0-9bbdba1c3ce9,1566811804511,1566811804511,OBJ#PERSON,Giovanni Carlone,,,,,,,,,,,,,,,,,,,male,1093884479,,,,,,,,,,,,,,,,,,,,,,,,,
e11366d0-c4c4-11e9-8385-59bf93401dce,e11366d0-c4c4-11e9-8385-59bf93401dce,https://www.deckenmalerei.eu/e11366d0-c4c4-11e9-8385-59bf93401dce,1566469060001,1566469060001,OBJ#PERSON,Giovanni Carlone,,,,,,,,,,,,,,,,,,,male,1093884479,,,,,,,,,,,,,,,,,,,,,,,,,
e709b460-c7e2-11e9-91e0-9bbdba1c3ce9,e709b460-c7e2-11e9-91e0-9bbdba1c3ce9,https://www.deckenmalerei.eu/e709b460-c7e2-11e9-91e0-9bbdba1c3ce9,1566811296422,1601632806533,OBJ#PERSON,Sebastian von Pötting,,,,,,,,,,,,,,,,,,,male,11566758X,,,,,,,,,,,,,,,,,,,,,,"Pötting, Sebastian von",,,
d067fd7b-f6ac-4093-9163-7464253a7a20,d067fd7b-f6ac-4093-9163-7464253a7a20,https://www.deckenmalerei.eu/d067fd7b-f6ac-4093-9163-7464253a7a20,1604146240010,1604146240010,OBJ#PERSON,Sebastian von Pötting,,,,,,,,,,,,,,,,,,,male,11566758X,,,,,,,,,,,,,,,,,,,,,,,,,
e74f6e00-c4c3-11e9-8385-59bf93401dce,e74f6e00-c4c3-11e9-8385-59bf93401dce,https://www.deckenmalerei.eu/e74f6e00-c4c3-11e9-8385-59bf93401dce,1566468128992,1566468128992,OBJ#PERSON,Sebastian von Pötting,,,,,,,,,,,,,,,,,,,male,11566758X,,,,,,,,,,,,,,,,,,,,,,,,,
95030c59-9d1c-455e-8e69-851efbca079a,95030c59-9d1c-455e-8e69-851efbca079a,https://www.deckenmalerei.eu/95030c59-9d1c-455e-8e69-851efbca079a,1594990442108,1594990442108,OBJ#PERSON,Stephan Laurenz de La Roque,,,,,,,,,,,,,,,,,,,male,18945802X,,,,,,,,,,,,,,,,,,,,,,,,,
0a18423b-6746-4fda-ba41-6f00da58efdc,0a18423b-6746-4fda-ba41-6f00da58efdc,https://www.deckenmalerei.eu/0a18423b-6746-4fda-ba41-6f00da58efdc,1636480165776,1636480165776,OBJ#PERSON,Stephan Laurenz de La Roque,,,,,,,,,,,,,,,,,,,male,18945802X,,,,,,,,,,,,,,,,,,,,,,,,,
cd74f330-a185-47a4-a673-b0fe0b5cc4a9,cd74f330-a185-47a4-a673-b0fe0b5cc4a9,https://www.deckenmalerei.eu/cd74f330-a185-47a4-a673-b0fe0b5cc4a9,1624977228966,1624977228966,OBJ#GROUP,Duchy of Jülich-Berg,,,,,,,,,,,,,,,,,,,,4028839-0,,,,,,,,,,,,,,,,,,,,,,,,,
955ac483-44b6-405b-9f32-a40680a6dc48,955ac483-44b6-405b-9f32-a40680a6dc48,https://www.deckenmalerei.eu/955ac483-44b6-405b-9f32-a40680a6dc48,1624616652413,1624616652413,OBJ#GROUP,Duchy of Jülich-Berg,,,,,,,,,,,,,,,,,,,,4028839-0,,,,,,,,,,,,,,,,,,,,,,,,,
45ff2470-c5a7-11e9-b229-6b499a37f581,45ff2470-c5a7-11e9-b229-6b499a37f581,https://www.deckenmalerei.eu/45ff2470-c5a7-11e9-b229-6b499a37f581,1566569074739,1566569074739,OBJ#BUILDING,Schloss Richmond,https://www.bildindex.de/ete?action=queryupdate&desc=fmd498497&index=pic-all,,,,false,false,false,,,1768-69,,,,,,,,,,4089992-5,10.52675,52.24008,Niedersachsen,Braunschweig,Deutschland,38124,,Wolfenbütteler Straße 55,obj20487295,,,,,,,,https://www.bildindex.de/ete?action=queryupdate&desc=fmd498498&index=pic-all,,,MAISON_DE_PLAISANCE,,,,,
cdf37bc0-c5a6-11e9-b229-6b499a37f581,cdf37bc0-c5a6-11e9-b229-6b499a37f581,https://www.deckenmalerei.eu/cdf37bc0-c5a6-11e9-b229-6b499a37f581,1566569064750,1589814030493,OBJ#ENSEMBLE,Schloss Richmond,https://www.bildindex.de/ete?action=queryupdate&desc=fmd498501&index=pic-all,,,,false,false,false,,,1768-69,,,,,,,,,,4089992-5,10.5267398446456,52.24002896390459,Niedersachsen,Braunschweig,Deutschland,38124,,Wolfenbütteler Straße 54,obj20487295,,,,,,,,https://www.bildindex.de/ete?action=queryupdate&desc=fmd498501&index=pic-all,,,PALACE_COMPLEX,,,CC BY-NC-ND 4.0,,
a8be3de5-b2ac-48dc-97ce-53507879688c,a8be3de5-b2ac-48dc-97ce-53507879688c,https://www.deckenmalerei.eu/a8be3de5-b2ac-48dc-97ce-53507879688c,1602784776360,1602786432339,OBJ#BUILDING_DIVISION,Großer Garten,https://www.bildindex.de/ete?action=queryupdate&desc=fmd494132&index=pic-all,,,,false,false,false,false,false,1674,,,,,,,,,,4123338-4,,,,,,,,,obj20266936,,,,,,,,https://www.bildindex.de/ete?action=queryupdate&desc=fmd494132&index=pic-all,,,,,,,,
9e2843a0-c4be-11e9-a787-75de7068cfba,9e2843a0-c4be-11e9-a787-75de7068cfba,https://www.deckenmalerei.eu/9e2843a0-c4be-11e9-a787-75de7068cfba,1566468089972,1589646249962,OBJ#ENSEMBLE,Großer Garten,,,,,false,false,true,,,1660-1866,,,,,,,,,,4123338-4,9.697880644187272,52.391106301345005,Niedersachsen,Hannover,Deutschland,30419,,Alte Herrenhäuser Straße,,,,,,,,,,,,PALACE_COMPLEX,,,,,
7c269630-f8f7-419a-82b7-73edf92bffe8,7c269630-f8f7-419a-82b7-73edf92bffe8,https://www.deckenmalerei.eu/7c269630-f8f7-419a-82b7-73edf92bffe8,1589876634626,1616858901644,OBJ#ENSEMBLE,Weikersheim Palace,https://www.bildindex.de/ete?action=queryupdate&desc=fmd10024321&index=pic-all,,,,false,false,false,false,false,1595-1709,,,,,,,,,,4242293-0,9.8958439,49.4805503,Baden-Württemberg,Weikersheim,Deutschland,97990,,Marktplatz 11,,,,,,,,,https://www.bildindex.de/ete?action=queryupdate&desc=fmd10024322&index=pic-all,,,PALACE_COMPLEX,,,CC BY-NC-ND 4.0,,
d3d6288e-9f10-4f25-bf26-8eb724401362,d3d6288e-9f10-4f25-bf26-8eb724401362,https://www.deckenmalerei.eu/d3d6288e-9f10-4f25-bf26-8eb724401362,1589877451955,1616858974107,OBJ#BUILDING,Weikersheim Palace,https://www.bildindex.de/ete?action=queryupdate&desc=fmd10024322&index=pic-all,,,,false,false,false,false,false,1595-1709,,,,,,,,,,4242293-0,9.8958439,49.4805503,Baden-Württemberg,Weikersheim,Deutschland,97990,,Marktplatz 11,,,,,,,,,https://www.bildindex.de/ete?action=queryupdate&desc=fmd10005903&index=pic-all,,,PRIMARY_RESIDENCE,,,,,
60e035c8-1242-46f0-bcaa-7e6fccbe2a1a,60e035c8-1242-46f0-bcaa-7e6fccbe2a1a,https://www.deckenmalerei.eu/60e035c8-1242-46f0-bcaa-7e6fccbe2a1a,1632155009616,1650535836341,OBJ#BUILDING,"Schwarzburg, Kaisersaalgebäude",,,,,false,false,true,false,false,1697-1719,,,,,,,,,,4322830-6,11.1937609,50.6387794,Thüringen,Schwarzburg,Deutschland,7427,,Schloßstraße 4,obj20786741,,,,,,,,https://www.bildindex.de/ete?action=queryupdate&desc=fmd10009481&index=pic-all,,,GARDEN_HOUSE,,,CC BY-NC-ND 4.0,,
1ca21642-e5ec-47cf-9f4c-3276c8f87419,1ca21642-e5ec-47cf-9f4c-3276c8f87419,https://www.deckenmalerei.eu/1ca21642-e5ec-47cf-9f4c-3276c8f87419,1649836426949,1650535756049,OBJ#ROOM,Der Kaisersaal,,,,,false,false,true,false,false,1709-1719,,,,,,,,,,4322830-6,,,,,,,,,,,,,,,,,https://www.bildindex.de/ete?action=queryupdate&desc=fmd10009442&index=pic-all,,,IMPERIAL_HALL,,,,,
c38d1922-cc2a-4e5f-90ad-f4c474baf2d8,c38d1922-cc2a-4e5f-90ad-f4c474baf2d8,https://www.deckenmalerei.eu/c38d1922-cc2a-4e5f-90ad-f4c474baf2d8,1623402209162,1631608020461,OBJ#ENSEMBLE,Buchau Abbey,https://www.bildindex.de/ete?action=queryupdate&desc=fmd10025488&index=pic-all,,,,false,false,true,false,false,"1000-2020, 1709-1776",,,,,,,,,,4351069-3,9.611163,48.0674772,Baden-Württemberg,Bad Buchau,Deutschland,88422,,,,,,,,,,,https://www.bildindex.de/ete?action=queryupdate&desc=fmd10025488&index=pic-all,,,PRINCE_ABBACY,,,CC BY-ND 4.0,,
fe64a00a-f900-4c43-a6cb-d39f21071ca9,fe64a00a-f900-4c43-a6cb-d39f21071ca9,https://www.deckenmalerei.eu/fe64a00a-f900-4c43-a6cb-d39f21071ca9,1631550566374,1631550566374,OBJ#GROUP,Buchau Abbey,,,,,,,,,,,,,,,,,,,,4351069-3,,,,,,,,,,,,,,,,,,,,,,,,,
401eff71-7821-4514-ba52-38829c0e894c,401eff71-7821-4514-ba52-38829c0e894c,https://www.deckenmalerei.eu/401eff71-7821-4514-ba52-38829c0e894c,1593505421916,1603185038375,OBJ#ENSEMBLE,Jesuit Church,https://www.bildindex.de/ete?action=queryupdate&desc=fmd10005633&index=pic-all,,,,false,false,false,false,false,,,,,,,,,,,4361868-6,8.460787020831813,49.486238395820195,Baden-Württemberg,Mannheim,Deutschland,68159,,A4 2,obj20283366,,,,,,,,https://www.bildindex.de/ete?action=queryupdate&desc=fmd10005633&index=pic-all,,,,,,CC BY-NC-ND 4.0,,
5e41f21c-a819-4542-a783-87e94e7128fb,5e41f21c-a819-4542-a783-87e94e7128fb,https://www.deckenmalerei.eu/5e41f21c-a819-4542-a783-87e94e7128fb,1593505773370,1601136042074,OBJ#BUILDING,Jesuit Church,https://www.bildindex.de/ete?action=queryupdate&desc=fmd10005628&index=pic-all,,,,false,false,false,false,false,"Datierung: 1738-1760, Zerstörung: 1943/1945, Wiederaufbau:1957-1960",,,,,,,,,,4361868-6,8.460808508412967,49.4862070270933,Baden-Württemberg,Mannheim,Deutschland,68159,,A4 2,obj20283366,,,,,,,,https://www.bildindex.de/ete?action=queryupdate&desc=fmd10005628&index=pic-all,,,COURT_CHURCH,,,CC BY-NC-ND 4.0,,
cb7e6b7d-cdb7-41ea-a373-1ae5d22c881a,cb7e6b7d-cdb7-41ea-a373-1ae5d22c881a,https://www.deckenmalerei.eu/cb7e6b7d-cdb7-41ea-a373-1ae5d22c881a,1588847162637,1589274661015,OBJ#BUILDING,Hauptgebäude von Schloss Pyrmont,https://www.bildindex.de/ete?action=queryupdate&desc=fmd498196&index=pic-all,,,,,,,,,"1706-1710, 1721-1727, 1763-1756",,,,,,,,,,4400759-0,9.2484232,51.98356889999999,Niedersachsen,Bad Pyrmont,Deutschland,31812,,Schloßstraße 13,obj20016545,,,,,,,,https://www.bildindex.de/ete?action=queryupdate&desc=fmd498196&index=pic-all,,,SUMMER_RESIDENCE,,Schloss Pyrmont,,,
b462cec2-5ade-45da-be2e-759323274a52,b462cec2-5ade-45da-be2e-759323274a52,https://www.deckenmalerei.eu/b462cec2-5ade-45da-be2e-759323274a52,1588846067875,1589276211085,OBJ#ENSEMBLE,"Bad Pyrmont, Schloss Pyrmont",https://www.bildindex.de/ete?action=queryupdate&desc=fmd498195&index=pic-all,,,,,,,,,,,,,,,,,,,4400759-0,9.2484232,51.98356889999999,Niedersachsen,Bad Pyrmont,Deutschland,31812,,Schloßstraße 13,obj20016545,,,,,,,,https://www.bildindex.de/ete?action=queryupdate&desc=fmd498195&index=pic-all,,,PALACE_COMPLEX,,,CC BY-NC-ND 4.0,© Bildarchiv Foto Marburg / (CbDD) / Markus Schwier,
ffe6c3c0-c4bc-11e9-a787-75de7068cfba,ffe6c3c0-c4bc-11e9-a787-75de7068cfba,https://www.deckenmalerei.eu/ffe6c3c0-c4bc-11e9-a787-75de7068cfba,1566468261296,1566468261296,OBJ#BUILDING,"Bad Pyrmont, Schloss Pyrmont",https://www.bildindex.de/ete?action=queryupdate&desc=fmd498195&index=pic-all,,,,false,false,false,,,"1706-1710, 1721-1727, 1763-1775",,,,,,,,,,4400759-0,9.24833183076842,51.98354539253306,Niedersachsen,Bad Pyrmont,Deutschland,31812,,Schloßstraße 13,obj20016545,,,,,,,,https://www.bildindex.de/ete?action=queryupdate&desc=fmd498195&index=pic-all,,,SUMMER_RESIDENCE,,,,,
2dcdd490-c800-11e9-8a8f-6315b3a88f02,2dcdd490-c800-11e9-8a8f-6315b3a88f02,https://www.deckenmalerei.eu/2dcdd490-c800-11e9-8a8f-6315b3a88f02,1566832566897,1591700066765,OBJ#ENSEMBLE,Schloss Leitheim,https://www.bildindex.de/ete?action=queryupdate&desc=fmd499042&index=pic-all,,,,false,false,false,,,,,,,,,,,,,4465087-5,10.883323860206888,48.74199292474819,Bayern,Leitheim,Deutschland,86687,,Schloßstraße 3,obj20026884,,,,,,,,https://www.bildindex.de/ete?action=queryupdate&desc=fmd499041&index=pic-all,,,PALACE_COMPLEX,,,CC BY-NC-ND 4.0,,
f67ae610-c802-11e9-8a8f-6315b3a88f02,f67ae610-c802-11e9-8a8f-6315b3a88f02,https://www.deckenmalerei.eu/f67ae610-c802-11e9-8a8f-6315b3a88f02,1566825066225,1589147116605,OBJ#BUILDING,Schloss Leitheim,https://www.bildindex.de/ete?action=queryupdate&desc=fmd499046&index=pic-all,,,,false,false,false,,,1748-1751,,,,,,,,,,4465087-5,10.883350984238188,48.74199057228771,Bayern,Leitheim,Deutschland,86687,,Schloßstraße 3,obj20026884,,,,,,,,https://www.bildindex.de/ete?action=queryupdate&desc=fmd499041&index=pic-all,,,SUMMER_RESIDENCE,,,,,
0fb86fd5-42a0-4830-91da-a75918698b5d,0fb86fd5-42a0-4830-91da-a75918698b5d,https://www.deckenmalerei.eu/0fb86fd5-42a0-4830-91da-a75918698b5d,1639038119807,1639038119807,OBJ#GROUP,Nassau-Idstein,,,,,,,,,,,,,,,,,,,,4547116-2,,,,,,,,,,,,,,,,,,,,,,,,,
90d35cc1-f005-4901-a907-542fce71f0aa,90d35cc1-f005-4901-a907-542fce71f0aa,https://www.deckenmalerei.eu/90d35cc1-f005-4901-a907-542fce71f0aa,1594985965564,1594986177223,OBJ#GROUP,Nassau-Idstein,,,,,,,,,,,,,,,,,,,,4547116-2,,,,,,,,,,,,,,,,,,,,,,,,,
c53eeb34-cc52-4279-b15c-7cf7fa52468c,c53eeb34-cc52-4279-b15c-7cf7fa52468c,https://www.deckenmalerei.eu/c53eeb34-cc52-4279-b15c-7cf7fa52468c,1594136527091,1631786654657,OBJ#ENSEMBLE,Clemenswerth Palace,https://www.bildindex.de/ete?action=queryupdate&desc=fmc447912&index=pic-all,,,,false,false,false,false,false,1737-1747,,,,,,,,,,4605559-9,7.5373088711285705,52.83813590391059,Niedersachsen,Sögel,Deutschland,49751,,Clemenswerth,obj20476259,,,,,,,,https://www.bildindex.de/ete?action=queryupdate&desc=fmc447917&index=pic-all,,,HUNTING_LODGE,,,CC BY-NC-ND 4.0,©Bildarchiv Foto Marburg / CbDD / Andreas Lechtape ,
916543cf-f8de-4041-8d36-11e20a7c5136,916543cf-f8de-4041-8d36-11e20a7c5136,https://www.deckenmalerei.eu/916543cf-f8de-4041-8d36-11e20a7c5136,1594136786215,1594993095162,OBJ#BUILDING,Clemenswerth Palace,https://www.bildindex.de/ete?action=queryupdate&desc=fmc447914&index=pic-all,,,,false,false,false,false,false,1737-1747,,,,,,,,,,4605559-9,7.537265406704152,52.838213675304104,Niedersachsen,Sögel,Deutschland,49751,,Clemenswerth,obj20026981,,,,,,,,https://www.bildindex.de/ete?action=queryupdate&desc=fmc447914&index=pic-all,,,HUNTING_LODGE,,,,,
98010de0-c4c8-11e9-8385-59bf93401dce,98010de0-c4c8-11e9-8385-59bf93401dce,https://www.deckenmalerei.eu/98010de0-c4c8-11e9-8385-59bf93401dce,1566552806794,1566552806794,OBJ#BUILDING,Galeriegebäude Herrenhausen,,,,,false,false,false,,,1696-1698,,,,,,,,,,4617816-8,9.6998043,52.3909168,Niedersachsen,Hannover,Deutschland,30419,,Herrenhäuser Straße 3a,22012083,,,,,,,,https://www.bildindex.de/ete?action=queryupdate&desc=fmd494135&index=pic-all,,,,,,,,
86aa6207-7922-4b47-93e9-5702c8478a13,86aa6207-7922-4b47-93e9-5702c8478a13,https://www.deckenmalerei.eu/86aa6207-7922-4b47-93e9-5702c8478a13,1588497175517,1616863228688,OBJ#BUILDING,Galeriegebäude Herrenhausen,https://www.bildindex.de/ete?action=queryupdate&desc=fmd494096&index=pic-all,,,,false,false,false,false,false,1694-1698,,,,,,,,,,4617816-8,9.699817288387997,52.39091969814625,Niedersachsen,Hannover,Deutschland,30419,,Herrenhäuser Straße 3a,obj22012083,,,,,,,,https://www.bildindex.de/ete?action=queryupdate&desc=fmd494420&index=pic-all,,,SUMMERHOUSE,,,CC BY-NC-ND 4.0,© Bildarchiv Foto Marburg / (CbDD) / Christian Stein / Thomas Scheidt,
c02057d0-c4c4-11e9-8385-59bf93401dce,c02057d0-c4c4-11e9-8385-59bf93401dce,https://www.deckenmalerei.eu/c02057d0-c4c4-11e9-8385-59bf93401dce,1566468492749,1566468492749,OBJ#ROOM,Tischbeinzimmer,https://www.bildindex.de/ete?action=queryupdate&desc=fmd498229&index=pic-all,,,,false,false,false,false,,1777,,,,,,,,,,4821094-8,,,,,,,,,obj20016545,,,,,,,,https://www.bildindex.de/ete?action=queryupdate&desc=fmd498229&index=pic-all,,,,,Gelber Saal,,,
24edb0a2-ba64-4e29-ba5b-9d92f1e3a894,24edb0a2-ba64-4e29-ba5b-9d92f1e3a894,https://www.deckenmalerei.eu/24edb0a2-ba64-4e29-ba5b-9d92f1e3a894,1588861568390,1589220117850,OBJ#ROOM,Tischbeinzimmer,https://www.bildindex.de/ete?action=queryupdate&desc=fmd498229&index=pic-all,,,,,,,,,1763-1775,,,,,,,,,,4821094-8,,,,,,,,,obj20016545,6.2,9.8,,,,4.4,,https://www.bildindex.de/ete?action=queryupdate&desc=fmd498229&index=pic-all,,,,,Gelber Saal,,,
14a64ab8-006e-4fc0-84fd-58b1182035bb,14a64ab8-006e-4fc0-84fd-58b1182035bb,https://www.deckenmalerei.eu/14a64ab8-006e-4fc0-84fd-58b1182035bb,1594723414682,1601136262262,OBJ#ROOM,Mannheimer Hofbibliothek,,,,,false,false,false,false,false,"Datierung: 1755-1758, Zerstörung: 1943, Wiederherstellung: um 1960",,,,,,,,,,7622719-4,,,,,,,,,obj20803558,,,,,,,,,,,LIBRARY,,,,,
1cfda599-894f-460f-942f-3e022e568d88,1cfda599-894f-460f-942f-3e022e568d88,https://www.deckenmalerei.eu/1cfda599-894f-460f-942f-3e022e568d88,1594723378933,1601136230331,OBJ#BUILDING,Mannheimer Hofbibliothek,,,,,false,false,false,false,false,"Datierung: 1754-1755, Zerstörung: 1943, Wiederherstellung: um 1960",,,,,,,,,,7622719-4,8.463217513158453,49.48354449253275,Baden-Württemberg,Mannheim,Deutschland,68161,,Bismarckstraße,obj21011752,,,,,,,,,,,LIBRARY,,,,,
